<?xml version="1.0" encoding="UTF-8"?>
<project-private xmlns="http://www.netbeans.org/ns/project-private/1">
    <editor-bookmarks xmlns="http://www.netbeans.org/ns/editor-bookmarks/2" lastBookmarkId="0"/>
    <open-files xmlns="http://www.netbeans.org/ns/projectui-open-files/2">
        <group>
            <file>file:/home/administrador/Área%20de%20trabalho/git/ProjetosPHPSenai400/celebrities.php</file>
            <file>file:/home/administrador/Área%20de%20trabalho/git/ProjetosPHPSenai400/cdn/ModeloDb.sql</file>
            <file>file:/home/administrador/Área%20de%20trabalho/git/ProjetosPHPSenai400/libs/libsphp/BBcode/bbcode.php</file>
        </group>
    </open-files>
</project-private>
